review_text,sentiment_label,sentiment_score,identified_theme
I like this mobile banking app very much. Overall user interface and navigation is awesome. But it lacks instant response when someone deposit or withdraw money.,NEGATIVE,0.9904449582099915,"User Interface & Experience, Feature Requests, Transaction Performance, Account Access Issues, Customer Support"
love,POSITIVE,0.9998735189437866,"User Interface & Experience, Feature Requests, Transaction Performance, Account Access Issues, Customer Support"
·àò·â∏·à∏·å†,NEGATIVE,0.6970561146736145,"User Interface & Experience, Feature Requests, Transaction Performance, Account Access Issues, Customer Support"
wow,POSITIVE,0.999592125415802,"User Interface & Experience, Feature Requests, Transaction Performance, Account Access Issues, Customer Support"
gadaa,NEGATIVE,0.7211462259292603,"User Interface & Experience, Feature Requests, Transaction Performance, Account Access Issues, Customer Support"
Massive upgrade from the Amole app.,POSITIVE,0.9646421074867249,"User Interface & Experience, Feature Requests, Transaction Performance, Account Access Issues, Customer Support"
good,POSITIVE,0.9998161196708679,"User Interface & Experience, Feature Requests, Transaction Performance, Account Access Issues, Customer Support"
very good for this app,POSITIVE,0.9998138546943665,"User Interface & Experience, Feature Requests, Transaction Performance, Account Access Issues, Customer Support"
top,POSITIVE,0.9997069239616394,"User Interface & Experience, Feature Requests, Transaction Performance, Account Access Issues, Customer Support"
this app better than Amole . but the biometric on new update doesn't work,NEGATIVE,0.999607503414154,"User Interface & Experience, Feature Requests, Transaction Performance, Account Access Issues, Customer Support"
Wow,POSITIVE,0.999592125415802,"User Interface & Experience, Feature Requests, Transaction Performance, Account Access Issues, Customer Support"
good,POSITIVE,0.9998161196708679,"User Interface & Experience, Feature Requests, Transaction Performance, Account Access Issues, Customer Support"
wow to it saff and this app,POSITIVE,0.9985712766647339,"User Interface & Experience, Feature Requests, Transaction Performance, Account Access Issues, Customer Support"
it too slow,NEGATIVE,0.9996801614761353,"User Interface & Experience, Feature Requests, Transaction Performance, Account Access Issues, Customer Support"
·ã≥·àΩ·äï ·â£·äï·ä≠ ·ã≠·àà·ã´·àç,NEGATIVE,0.8337247967720032,"User Interface & Experience, Feature Requests, Transaction Performance, Account Access Issues, Customer Support"
real life changer,POSITIVE,0.9997788071632385,"User Interface & Experience, Feature Requests, Transaction Performance, Account Access Issues, Customer Support"
üëçüëçüëç,NEGATIVE,0.6970561146736145,"User Interface & Experience, Feature Requests, Transaction Performance, Account Access Issues, Customer Support"
nice application,POSITIVE,0.9998229146003723,"User Interface & Experience, Feature Requests, Transaction Performance, Account Access Issues, Customer Support"
useless app ever loading take long,NEGATIVE,0.9997350573539734,"User Interface & Experience, Feature Requests, Transaction Performance, Account Access Issues, Customer Support"
"Game changer app! Dashen Bank Super App is fast, secure, and easy to use. The three-click payment makes sending money super quick, and the QR code payment is perfect for cashless shopping. I also love the biometric login and easy airtime and bill payments. Everything I need is in one place. Dashen Bank has really raised the bar for digital banking in Ethiopia. Highly recommended!",POSITIVE,0.999617338180542,"User Interface & Experience, Feature Requests, Transaction Performance, Account Access Issues, Customer Support"
very useful App,POSITIVE,0.9995785355567932,"User Interface & Experience, Feature Requests, Transaction Performance, Account Access Issues, Customer Support"
"Simple, robust features? Yes, please! But the endless loading screen killed the fun‚ÄîI couldn‚Äôt use it for days. Fix the glitch, and I‚Äôll yeet a higher rating!",NEGATIVE,0.835149884223938,"User Interface & Experience, Feature Requests, Transaction Performance, Account Access Issues, Customer Support"
Wawww,NEGATIVE,0.941804051399231,"User Interface & Experience, Feature Requests, Transaction Performance, Account Access Issues, Customer Support"
it is good but some times says duplicate transaction why?,NEGATIVE,0.9836629629135132,"User Interface & Experience, Feature Requests, Transaction Performance, Account Access Issues, Customer Support"
very Nice,POSITIVE,0.9998563528060913,"User Interface & Experience, Feature Requests, Transaction Performance, Account Access Issues, Customer Support"
its best,POSITIVE,0.9998121857643127,"User Interface & Experience, Feature Requests, Transaction Performance, Account Access Issues, Customer Support"
it is not as good as to the other mobile bank app.,NEGATIVE,0.999786913394928,"User Interface & Experience, Feature Requests, Transaction Performance, Account Access Issues, Customer Support"
"The best of best is now arrived **Empowering Your Financial Freedom** ""Experience seamless banking at your fingertips with Dashen Bank. Empowering your financial freedom, anytime, anywhere!"" **Innovation Meets Convenience** ""Dashen Bank Mobile Banking: Where innovation meets convenience. **Secure and Reliable** ""Bank with confidence",POSITIVE,0.9996517896652222,"User Interface & Experience, Feature Requests, Transaction Performance, Account Access Issues, Customer Support"
Nothing is changed in the updated version. You have been collecting comments but where is the feed back you improved in this version. superapp is mot functioning today.,NEGATIVE,0.9939862489700317,"User Interface & Experience, Feature Requests, Transaction Performance, Account Access Issues, Customer Support"
The best app ever in finance sector,POSITIVE,0.9998089671134949,"User Interface & Experience, Feature Requests, Transaction Performance, Account Access Issues, Customer Support"
Its good app than other compitators but it confuse when we transfer it needs OTP and PIN most user inter their pin instead of OTP we know the litrecy level of our society so if it is device based i dont know the needs of OTP so please try to fix,NEGATIVE,0.9983357787132263,"User Interface & Experience, Feature Requests, Transaction Performance, Account Access Issues, Customer Support"
dashen bank or dashen super app?,NEGATIVE,0.9937525391578674,"User Interface & Experience, Feature Requests, Transaction Performance, Account Access Issues, Customer Support"
wowwwe app,POSITIVE,0.9829692840576172,"User Interface & Experience, Feature Requests, Transaction Performance, Account Access Issues, Customer Support"
"Transferring to other bank accounts is a hastle and inconvenient .Get used to seeing "" please try again """,NEGATIVE,0.9994332194328308,"User Interface & Experience, Feature Requests, Transaction Performance, Account Access Issues, Customer Support"
always lagging,NEGATIVE,0.9998013377189636,"User Interface & Experience, Feature Requests, Transaction Performance, Account Access Issues, Customer Support"
Amazing Application...,POSITIVE,0.9998786449432373,"User Interface & Experience, Feature Requests, Transaction Performance, Account Access Issues, Customer Support"
Fantastic,POSITIVE,0.9998743534088135,"User Interface & Experience, Feature Requests, Transaction Performance, Account Access Issues, Customer Support"
"Dashen bank app is very good, but sometimes it is not working well",NEGATIVE,0.9976341724395752,"User Interface & Experience, Feature Requests, Transaction Performance, Account Access Issues, Customer Support"
its my choice,POSITIVE,0.9962010979652405,"User Interface & Experience, Feature Requests, Transaction Performance, Account Access Issues, Customer Support"
wow apo,POSITIVE,0.9994785189628601,"User Interface & Experience, Feature Requests, Transaction Performance, Account Access Issues, Customer Support"
awesome app keep going,POSITIVE,0.9998502731323242,"User Interface & Experience, Feature Requests, Transaction Performance, Account Access Issues, Customer Support"
üëç,NEGATIVE,0.6970561146736145,"User Interface & Experience, Feature Requests, Transaction Performance, Account Access Issues, Customer Support"
"It grows ethiopian digital banking step ahead.All fetures in one,simple fast and convince.",POSITIVE,0.9992207288742065,"User Interface & Experience, Feature Requests, Transaction Performance, Account Access Issues, Customer Support"
Game changer,POSITIVE,0.9887570738792419,"User Interface & Experience, Feature Requests, Transaction Performance, Account Access Issues, Customer Support"
Totally amazing,POSITIVE,0.9998782873153687,"User Interface & Experience, Feature Requests, Transaction Performance, Account Access Issues, Customer Support"
super üòé,POSITIVE,0.9331687092781067,"User Interface & Experience, Feature Requests, Transaction Performance, Account Access Issues, Customer Support"
what a helpful app!!!!,POSITIVE,0.9990901947021484,"User Interface & Experience, Feature Requests, Transaction Performance, Account Access Issues, Customer Support"
Good,POSITIVE,0.9998161196708679,"User Interface & Experience, Feature Requests, Transaction Performance, Account Access Issues, Customer Support"
nice,POSITIVE,0.9998552799224854,"User Interface & Experience, Feature Requests, Transaction Performance, Account Access Issues, Customer Support"
"To be honest, best banking and lifestyle app in Ethiopia.",POSITIVE,0.9997262358665466,"User Interface & Experience, Feature Requests, Transaction Performance, Account Access Issues, Customer Support"
fast,POSITIVE,0.9989494681358337,"User Interface & Experience, Feature Requests, Transaction Performance, Account Access Issues, Customer Support"
"A must have, seamless, all in one digital platform ""DB Superapp""! Keep living your motto ""Always one step ahead""",POSITIVE,0.9966461062431335,"User Interface & Experience, Feature Requests, Transaction Performance, Account Access Issues, Customer Support"
"This App makes digital banking effortless and convenient. User-friendly interface, secure transactions, and excellent features for managing finances efficiently.",POSITIVE,0.9991555213928223,"User Interface & Experience, Feature Requests, Transaction Performance, Account Access Issues, Customer Support"
Amazing app super easy to use and best design. loved it.,POSITIVE,0.9998630285263062,"User Interface & Experience, Feature Requests, Transaction Performance, Account Access Issues, Customer Support"
its the best ever,POSITIVE,0.9998552799224854,"User Interface & Experience, Feature Requests, Transaction Performance, Account Access Issues, Customer Support"
excellent game changer App,POSITIVE,0.9998358488082886,"User Interface & Experience, Feature Requests, Transaction Performance, Account Access Issues, Customer Support"
I am highly excited by using this application and it is the most favorable as well as preferrable mobile app.,POSITIVE,0.9995176792144775,"User Interface & Experience, Feature Requests, Transaction Performance, Account Access Issues, Customer Support"
it seems me logging out within minutes,NEGATIVE,0.9982207417488098,"User Interface & Experience, Feature Requests, Transaction Performance, Account Access Issues, Customer Support"
nice app especially GUI and I have got some error when you send within dashen bank the receipter is not get SMS notification,NEGATIVE,0.9857989549636841,"User Interface & Experience, Feature Requests, Transaction Performance, Account Access Issues, Customer Support"
yes i want dashen super open,POSITIVE,0.9994350075721741,"User Interface & Experience, Feature Requests, Transaction Performance, Account Access Issues, Customer Support"
Best App,POSITIVE,0.999686598777771,"User Interface & Experience, Feature Requests, Transaction Performance, Account Access Issues, Customer Support"
faster than this version,POSITIVE,0.9991979002952576,"User Interface & Experience, Feature Requests, Transaction Performance, Account Access Issues, Customer Support"
"Best UI mobile banking app, props to design team",POSITIVE,0.9991565942764282,"User Interface & Experience, Feature Requests, Transaction Performance, Account Access Issues, Customer Support"
thank you,POSITIVE,0.9998352527618408,"User Interface & Experience, Feature Requests, Transaction Performance, Account Access Issues, Customer Support"
great app,POSITIVE,0.999821126461029,"User Interface & Experience, Feature Requests, Transaction Performance, Account Access Issues, Customer Support"
bad.,NEGATIVE,0.9997698664665222,"User Interface & Experience, Feature Requests, Transaction Performance, Account Access Issues, Customer Support"
Dashen bank always one step ahead,POSITIVE,0.9996015429496765,"User Interface & Experience, Feature Requests, Transaction Performance, Account Access Issues, Customer Support"
dashen super app is secure band very easy,POSITIVE,0.9899651408195496,"User Interface & Experience, Feature Requests, Transaction Performance, Account Access Issues, Customer Support"
It is very fast and secured mobile banking app! I like this app!,POSITIVE,0.9995939135551453,"User Interface & Experience, Feature Requests, Transaction Performance, Account Access Issues, Customer Support"
best app I have ever seen,POSITIVE,0.9996102452278137,"User Interface & Experience, Feature Requests, Transaction Performance, Account Access Issues, Customer Support"
best of best,POSITIVE,0.9997496008872986,"User Interface & Experience, Feature Requests, Transaction Performance, Account Access Issues, Customer Support"
waw,NEGATIVE,0.7346174120903015,"User Interface & Experience, Feature Requests, Transaction Performance, Account Access Issues, Customer Support"
best app,POSITIVE,0.999686598777771,"User Interface & Experience, Feature Requests, Transaction Performance, Account Access Issues, Customer Support"
Its slow when i try to see the Recent Transaction and stucked,NEGATIVE,0.9992387294769287,"User Interface & Experience, Feature Requests, Transaction Performance, Account Access Issues, Customer Support"
wowslnwoooo wowwww amazing !!!!!!!!,POSITIVE,0.9997221827507019,"User Interface & Experience, Feature Requests, Transaction Performance, Account Access Issues, Customer Support"
wow appl,POSITIVE,0.9994691014289856,"User Interface & Experience, Feature Requests, Transaction Performance, Account Access Issues, Customer Support"
why do i have to change a pin number i use my finger print so dummy,NEGATIVE,0.9994646906852722,"User Interface & Experience, Feature Requests, Transaction Performance, Account Access Issues, Customer Support"
very nice,POSITIVE,0.9998563528060913,"User Interface & Experience, Feature Requests, Transaction Performance, Account Access Issues, Customer Support"
great,POSITIVE,0.9998630285263062,"User Interface & Experience, Feature Requests, Transaction Performance, Account Access Issues, Customer Support"
"It is very slow and it lacks many features to be a super app. High rating is given by their employees, not by the customers.",NEGATIVE,0.9997708201408386,"User Interface & Experience, Feature Requests, Transaction Performance, Account Access Issues, Customer Support"
"Smooth and secure experience transfers, bill payments, and tracking expenses are all effortless. The intuitive design makes banking on the go.",POSITIVE,0.9996446371078491,"User Interface & Experience, Feature Requests, Transaction Performance, Account Access Issues, Customer Support"
Very easy and Fast.,POSITIVE,0.9995487332344055,"User Interface & Experience, Feature Requests, Transaction Performance, Account Access Issues, Customer Support"
Incomparably user-friendly and fast app for mobile banking.,NEGATIVE,0.9392751455307007,"User Interface & Experience, Feature Requests, Transaction Performance, Account Access Issues, Customer Support"
"there is nothing super about this app, repeatedly failed transaction and wastes customer valuable time. if you have to do system upgrade do it at a time when there is less traffic demand. your Technical difficulty should not be reflected on customer.",NEGATIVE,0.9993688464164734,"User Interface & Experience, Feature Requests, Transaction Performance, Account Access Issues, Customer Support"
execellent,NEGATIVE,0.9866806864738464,"User Interface & Experience, Feature Requests, Transaction Performance, Account Access Issues, Customer Support"
"This super app is a total game-changer‚Äîfast, reliable, and packed with everything I need in one place. It‚Äôs seamless and super convenient. Love it!""",POSITIVE,0.9998038411140442,"User Interface & Experience, Feature Requests, Transaction Performance, Account Access Issues, Customer Support"
All in One ‚úçÔ∏èsecure ‚úçÔ∏èreliable ‚úçÔ∏èconvenient. Digital banking game changer!!,NEGATIVE,0.759855329990387,"User Interface & Experience, Feature Requests, Transaction Performance, Account Access Issues, Customer Support"
it is incredible product.,POSITIVE,0.9998867511749268,"User Interface & Experience, Feature Requests, Transaction Performance, Account Access Issues, Customer Support"
"I'm really impressed with this app! It‚Äôs user-friendly, runs smoothly, and has all the features I need. Makes my tasks so much easier and saves me a lot of time. Highly recommended!",POSITIVE,0.9997783303260803,"User Interface & Experience, Feature Requests, Transaction Performance, Account Access Issues, Customer Support"
ok,POSITIVE,0.9997851252555847,"User Interface & Experience, Feature Requests, Transaction Performance, Account Access Issues, Customer Support"
"It's an amazing app, experience it!!",POSITIVE,0.9998760223388672,"User Interface & Experience, Feature Requests, Transaction Performance, Account Access Issues, Customer Support"
This is the best banking app ever. I recommend everyone to use it.,POSITIVE,0.9997599720954895,"User Interface & Experience, Feature Requests, Transaction Performance, Account Access Issues, Customer Support"
It is the best application!!!,POSITIVE,0.9998468160629272,"User Interface & Experience, Feature Requests, Transaction Performance, Account Access Issues, Customer Support"
"Exceptional digital experience, SupperApp will bring new paradigm shift in the banking business. Bravo Dashen keep it up!!!!",POSITIVE,0.9998323917388916,"User Interface & Experience, Feature Requests, Transaction Performance, Account Access Issues, Customer Support"
its features are so dynamic,POSITIVE,0.999643087387085,"User Interface & Experience, Feature Requests, Transaction Performance, Account Access Issues, Customer Support"
fast &Friendly user Application.,POSITIVE,0.9993237257003784,"User Interface & Experience, Feature Requests, Transaction Performance, Account Access Issues, Customer Support"
"Fast, Reliable and User Friendly. Keep it Up",POSITIVE,0.9997664093971252,"User Interface & Experience, Feature Requests, Transaction Performance, Account Access Issues, Customer Support"
"#dashen super app is easy to use, secure & fast transactionüòç",POSITIVE,0.9874821901321411,"User Interface & Experience, Feature Requests, Transaction Performance, Account Access Issues, Customer Support"
i love this app esp 3 click that make e-commerce easier and convinient.,POSITIVE,0.9995126724243164,"User Interface & Experience, Feature Requests, Transaction Performance, Account Access Issues, Customer Support"
Dashen Super App contains extended selections for customers and can be easily accessible and also friendly to use.,POSITIVE,0.9990369081497192,"User Interface & Experience, Feature Requests, Transaction Performance, Account Access Issues, Customer Support"
Great for everyday banking and payments on the go,POSITIVE,0.9998255372047424,"User Interface & Experience, Feature Requests, Transaction Performance, Account Access Issues, Customer Support"
"""Dashen Super App'' is impressive with its focus on simplicity, speed, and quality. The user interface is clean and easy to understand. Transactions process quickly, and the overall quality of the app is top-notch. A must-have for Dashen Bank customers. ·ã≥·à∏·äï ·â£·äï·ä≠ ·ä†·äï·ãµ ·ä•·à≠·àù·åÉ ·âÄ·ã≥·àö·ç¢",POSITIVE,0.9997794032096863,"User Interface & Experience, Feature Requests, Transaction Performance, Account Access Issues, Customer Support"
making transactions has never been easier. the new update is just amazing,POSITIVE,0.9998310804367065,"User Interface & Experience, Feature Requests, Transaction Performance, Account Access Issues, Customer Support"
"The app has various usefull functions, which make easy the payment system. Also, it will connect with sellers having reasonable prices.",POSITIVE,0.9850904941558838,"User Interface & Experience, Feature Requests, Transaction Performance, Account Access Issues, Customer Support"
The app has great user interface with comprehensive payments and E-commerce platforms. And also it includes unique features such as chat Banking and budget.,POSITIVE,0.999284565448761,"User Interface & Experience, Feature Requests, Transaction Performance, Account Access Issues, Customer Support"
betam mirt Ena betam le atikakem kelel Yale Ena michu application nw,NEGATIVE,0.9886249303817749,"User Interface & Experience, Feature Requests, Transaction Performance, Account Access Issues, Customer Support"
Convenient!,POSITIVE,0.9936902523040771,"User Interface & Experience, Feature Requests, Transaction Performance, Account Access Issues, Customer Support"
It is an amazing application that meets the needs of customers.,POSITIVE,0.999864935874939,"User Interface & Experience, Feature Requests, Transaction Performance, Account Access Issues, Customer Support"
Effecting payment via the app has created convenience to the recipients in easily confirming the payments received!,POSITIVE,0.9731148481369019,"User Interface & Experience, Feature Requests, Transaction Performance, Account Access Issues, Customer Support"
the best Supper App ever,POSITIVE,0.999849796295166,"User Interface & Experience, Feature Requests, Transaction Performance, Account Access Issues, Customer Support"
"This is the best app ever, when is it planned to include digital lending and gasification?",POSITIVE,0.9990382194519043,"User Interface & Experience, Feature Requests, Transaction Performance, Account Access Issues, Customer Support"
"A powerful, local solution that rivals any global app. I love how easy it is to explore services and products.",POSITIVE,0.999815046787262,"User Interface & Experience, Feature Requests, Transaction Performance, Account Access Issues, Customer Support"
Dashen bank is my number one choice,POSITIVE,0.9996331930160522,"User Interface & Experience, Feature Requests, Transaction Performance, Account Access Issues, Customer Support"
Assefa Genetu = Dashen superup is the latest and inclussive .I am happy with this super up.,POSITIVE,0.9994714856147766,"User Interface & Experience, Feature Requests, Transaction Performance, Account Access Issues, Customer Support"
"The App is incredibly user-friendly and brings multiple services into one place. It's fast, intuitive, and makes daily tasks super convenient. A true all-in-one solution!",POSITIVE,0.9991614818572998,"User Interface & Experience, Feature Requests, Transaction Performance, Account Access Issues, Customer Support"
"Proudly made in Ethiopia, this innovation delivers more than promised. The marketplace is a major boost for local commerce",POSITIVE,0.9998248219490051,"User Interface & Experience, Feature Requests, Transaction Performance, Account Access Issues, Customer Support"
it so fanrastic and user friendly app. Bravo Dashen bank thanks.,POSITIVE,0.9990429282188416,"User Interface & Experience, Feature Requests, Transaction Performance, Account Access Issues, Customer Support"
"one of the best digital platforms I've used! from smooth transactions to a seamless shopping experience, highly recommended.",POSITIVE,0.9997945427894592,"User Interface & Experience, Feature Requests, Transaction Performance, Account Access Issues, Customer Support"
A proudly Ethiopia innovation that delivers beyond expectations. The marketplace feature is a big win for local shoppers bnd sellers,POSITIVE,0.9997891783714294,"User Interface & Experience, Feature Requests, Transaction Performance, Account Access Issues, Customer Support"
"Dashen Super App is a game-changer! It‚Äôs fast, user-friendly, and packed with features that make everyday banking and transactions super convenient. I love how everything I need from mobile banking to utility payments is all in one place. The interface is clean, and everything works smoothly. Definitely one of the best apps out there. Highly recommended!",POSITIVE,0.9998010993003845,"User Interface & Experience, Feature Requests, Transaction Performance, Account Access Issues, Customer Support"
Easy to use and has many options. It is the best financial app I have ever used.,POSITIVE,0.9997546076774597,"User Interface & Experience, Feature Requests, Transaction Performance, Account Access Issues, Customer Support"
"Highly impressed! Dash Bank really nailed it with this app. Secure, reliable, and packed with features I use daily",POSITIVE,0.9998537302017212,"User Interface & Experience, Feature Requests, Transaction Performance, Account Access Issues, Customer Support"
"One of the best digital platforms I‚Äôve used! From smooth transactions to a seamless shopping experience, Highly recommended",POSITIVE,0.9997860789299011,"User Interface & Experience, Feature Requests, Transaction Performance, Account Access Issues, Customer Support"
"This app has everything I was looking for, dashen is becoming a grandmaster.",POSITIVE,0.9995651841163635,"User Interface & Experience, Feature Requests, Transaction Performance, Account Access Issues, Customer Support"
Very convenient,POSITIVE,0.9988445043563843,"User Interface & Experience, Feature Requests, Transaction Performance, Account Access Issues, Customer Support"
"The user experience is seamless, and everything just works perfectly right out of the box. I can‚Äôt believe how much time and effort it saves me every day.",POSITIVE,0.9997797608375549,"User Interface & Experience, Feature Requests, Transaction Performance, Account Access Issues, Customer Support"
wawwwww what nice super app !!keep it up dashen bank !!,POSITIVE,0.9991359114646912,"User Interface & Experience, Feature Requests, Transaction Performance, Account Access Issues, Customer Support"
"Dashen SuperApp the ultimate all-in-one solution! From banking and shopping to bill payments, everything you need is right at your fingertips. Life just got a whole lot easier!",POSITIVE,0.9991750121116638,"User Interface & Experience, Feature Requests, Transaction Performance, Account Access Issues, Customer Support"
"It is,really super because of its unique offerings to individuals and businesses.It is a secure UX first app intended to cater comprehensive digital meeds.I am also happy to know that Dashen is considering to make the app more inclusive by lowering the mobile version requirements .",POSITIVE,0.9995538592338562,"User Interface & Experience, Feature Requests, Transaction Performance, Account Access Issues, Customer Support"
"the very easy, secured, fast and multifunctional dashen supper application I ever seen. dashen really one steps ahead!!!",POSITIVE,0.9982724189758301,"User Interface & Experience, Feature Requests, Transaction Performance, Account Access Issues, Customer Support"
"One app for everything! I can shop, manage my bank account , and do so much more . Truly a super app",POSITIVE,0.9994187355041504,"User Interface & Experience, Feature Requests, Transaction Performance, Account Access Issues, Customer Support"
one of the best digital platforms I‚Äôve used! From smooth transactions to a seamless shopping experie,POSITIVE,0.9995588660240173,"User Interface & Experience, Feature Requests, Transaction Performance, Account Access Issues, Customer Support"
"Dashen Bank super App is the most suitable, reliable, and fast digital banking system.",POSITIVE,0.9992392063140869,"User Interface & Experience, Feature Requests, Transaction Performance, Account Access Issues, Customer Support"
Excellent app.,POSITIVE,0.9998461008071899,"User Interface & Experience, Feature Requests, Transaction Performance, Account Access Issues, Customer Support"
This is what we call banking app. As professional I want banking app as simple as this and an app rich of features that align with my lifestyle.,POSITIVE,0.9991500377655029,"User Interface & Experience, Feature Requests, Transaction Performance, Account Access Issues, Customer Support"
thanks again,POSITIVE,0.9998217225074768,"User Interface & Experience, Feature Requests, Transaction Performance, Account Access Issues, Customer Support"
Super Easy To Use and Fast Transaction.,POSITIVE,0.996877908706665,"User Interface & Experience, Feature Requests, Transaction Performance, Account Access Issues, Customer Support"
"I have an incredible experience with Dashen super app, what an amazing platform is it?. keep pioneering in technological advancement üëèüëèüëè",POSITIVE,0.999527096748352,"User Interface & Experience, Feature Requests, Transaction Performance, Account Access Issues, Customer Support"
"i can't recommend the Dashen Super App enough! This app is truly a game changer for anyone looking for a seamless and efficient way to manage their daily life. It combines multiple essential services into one easy-to-use platform, saving time and simplifying tasks The user interface is modern, intuitive, and super responsive, making navigation a breeze. Whether it's banking, payment services, or accessing lifestyle features, everything is just a few clicks away!!",POSITIVE,0.9953939914703369,"User Interface & Experience, Feature Requests, Transaction Performance, Account Access Issues, Customer Support"
"The app is incredibly handy for managing multiple financial tasks, from bill payments to managing budgets. It‚Äôs saved me a lot of time and made banking way more convenient. Definitely worth checking out!",POSITIVE,0.9982413053512573,"User Interface & Experience, Feature Requests, Transaction Performance, Account Access Issues, Customer Support"
what an App,POSITIVE,0.9938238859176636,"User Interface & Experience, Feature Requests, Transaction Performance, Account Access Issues, Customer Support"
The new e-commerce feature is incredibly amazing and user friendly.,POSITIVE,0.9998598098754883,"User Interface & Experience, Feature Requests, Transaction Performance, Account Access Issues, Customer Support"
"dashen bank supper app is the most easy to use and have high speed,quality and I like features like chat,budget,fuel payment, and security for my opinion this product is techonolgy edge,this international standard thanks for product oweners (dashen bank)",POSITIVE,0.9974797368049622,"User Interface & Experience, Feature Requests, Transaction Performance, Account Access Issues, Customer Support"
"The Dashen supperapp is a revolutionary advancement in digital banking, combining exceptional usability, an intuitive interface and a seamless user experience. among its standout features are the integration of QR codes, account statement, transaction advise, chat, transaction authentication for limit thresholds, budgeting and different app in a single dashboard. Truly ahead of the curve ..... keep up the excellent work ü§ùüëè",POSITIVE,0.9997472167015076,"User Interface & Experience, Feature Requests, Transaction Performance, Account Access Issues, Customer Support"
"A proudly Ethiopian innovation that delivers beyond expectations. The marketplace feature is a big win for local shoppers and sellers. Very impressed with the new updates, The e-commerce section is smooth and supports Ethiopian merchants!",POSITIVE,0.9998795986175537,"User Interface & Experience, Feature Requests, Transaction Performance, Account Access Issues, Customer Support"
"Very impressed with the new updates, The e-commerce section is smooth and supports Ethiopian merchants.",POSITIVE,0.9998557567596436,"User Interface & Experience, Feature Requests, Transaction Performance, Account Access Issues, Customer Support"
"Dashen Bank Super App is fast, reliable, and super easy to use. All my banking needs are handled smoothly in one place. Clean design and seamless experience ‚Äì highly recommended!",POSITIVE,0.9997962117195129,"User Interface & Experience, Feature Requests, Transaction Performance, Account Access Issues, Customer Support"
"Db sup app is A platform or an application that can grasp more satisfactions through fastest mode of operation which means for budget planning, to use QR code(scan, pay, go) chat with staff, acc to acc other bank ft, merchant payment, and easly. I addition to i satisfied and i invite everyone to use those platform!!.",POSITIVE,0.894790768623352,"User Interface & Experience, Feature Requests, Transaction Performance, Account Access Issues, Customer Support"
the chat banking and unique and only app that alow money request!!,NEGATIVE,0.9822685718536377,"User Interface & Experience, Feature Requests, Transaction Performance, Account Access Issues, Customer Support"
Better and inclusive app!,POSITIVE,0.999285876750946,"User Interface & Experience, Feature Requests, Transaction Performance, Account Access Issues, Customer Support"
Amazing Application,POSITIVE,0.9998698234558105,"User Interface & Experience, Feature Requests, Transaction Performance, Account Access Issues, Customer Support"
It keep my time to pay my bills and I generate my satment easily,POSITIVE,0.996675968170166,"User Interface & Experience, Feature Requests, Transaction Performance, Account Access Issues, Customer Support"
"It's an amazing app that is up-to-date with the times, wow wow",POSITIVE,0.9998683929443359,"User Interface & Experience, Feature Requests, Transaction Performance, Account Access Issues, Customer Support"
A game-changing Ethiopian innovation‚Äîwhere shopping meets opportunity. The marketplace feature connects buyers and sellers like never before.,POSITIVE,0.9993858337402344,"User Interface & Experience, Feature Requests, Transaction Performance, Account Access Issues, Customer Support"
"Dashen Super App isn‚Äôt just an app ‚Äî it‚Äôs an experience. Effortless, powerful, and built for the future",POSITIVE,0.9997283816337585,"User Interface & Experience, Feature Requests, Transaction Performance, Account Access Issues, Customer Support"
"This Is An Amazing App with Uniqe Quality,Easy And Fast Mobile Banking App.",POSITIVE,0.9997382760047913,"User Interface & Experience, Feature Requests, Transaction Performance, Account Access Issues, Customer Support"
"Dashen SuperApp is a lifesaver! Banking, shopping, and bills in one super easy app. The new e-commerce feature is awesome and supports local merchants. Fast, secure, and proudly Ethiopian.Download it now‚Äîyou won‚Äôt regret it!",POSITIVE,0.9996484518051147,"User Interface & Experience, Feature Requests, Transaction Performance, Account Access Issues, Customer Support"
"Dashen SuperApp blends finance, shopping, and daily services effortlessly. The new e-commerce feature is smooth and supports local merchants‚Äîproud to back an Ethiopian-made solution!",POSITIVE,0.9998247027397156,"User Interface & Experience, Feature Requests, Transaction Performance, Account Access Issues, Customer Support"
"A solid step forward by Dashen Bank. The SuperApp combines essential banking features with lifestyle services, making everything accessible in one place. The interface is smooth, and transactions are quick and reliable. It‚Äôs clear a lot of thought went into the design and functionality. Great job!",POSITIVE,0.9998260140419006,"User Interface & Experience, Feature Requests, Transaction Performance, Account Access Issues, Customer Support"
Dashen bank super app is the crucial and convenient app in Ethiopia. there is no other app to compare with Dashen bank super app,POSITIVE,0.9817668795585632,"User Interface & Experience, Feature Requests, Transaction Performance, Account Access Issues, Customer Support"
"All-in-one finance & e-commerce super app! Pay, save, shop seamlessly. Fast, secure. #BankAndShop",POSITIVE,0.9943593144416809,"User Interface & Experience, Feature Requests, Transaction Performance, Account Access Issues, Customer Support"
it's a hestorical app. in the bank industry.,NEGATIVE,0.9915915727615356,"User Interface & Experience, Feature Requests, Transaction Performance, Account Access Issues, Customer Support"
"A game changer in Ethiopian digital banking fast, secure, and packed with services. Everything you need, all in one powerful app. A true leap toward financial convenience and innovation!",POSITIVE,0.9996839761734009,"User Interface & Experience, Feature Requests, Transaction Performance, Account Access Issues, Customer Support"
"easy &,simple to use",POSITIVE,0.9968307614326477,"User Interface & Experience, Feature Requests, Transaction Performance, Account Access Issues, Customer Support"
"Banking, but make it smart. Local solutions, all in one place. Smooth, fast, and actually saving time. Feels like the future. Love it!",POSITIVE,0.9998811483383179,"User Interface & Experience, Feature Requests, Transaction Performance, Account Access Issues, Customer Support"
"All in one, that is it üëå",POSITIVE,0.8945459127426147,"User Interface & Experience, Feature Requests, Transaction Performance, Account Access Issues, Customer Support"
", Dashen Bank Supper App is multipurpose, convenient, very attractive and Make life easier",POSITIVE,0.9995104074478149,"User Interface & Experience, Feature Requests, Transaction Performance, Account Access Issues, Customer Support"
very easy and flexible app.,POSITIVE,0.9997106194496155,"User Interface & Experience, Feature Requests, Transaction Performance, Account Access Issues, Customer Support"
"I choose Dashen Bank Super Up since, it is easy to use & it has attractive features !",POSITIVE,0.9998281002044678,"User Interface & Experience, Feature Requests, Transaction Performance, Account Access Issues, Customer Support"
dashen super app is simple faster and reliable.,POSITIVE,0.999518632888794,"User Interface & Experience, Feature Requests, Transaction Performance, Account Access Issues, Customer Support"
"Dashen Bank Super App is a game-changer! The user-friendly design, wide range of services, and smooth performance make it incredibly convenient for everyday banking. It‚Äôs fast, secure, and truly reflects the bank‚Äôs commitment to digital excellence. Highly recommended!",POSITIVE,0.999748170375824,"User Interface & Experience, Feature Requests, Transaction Performance, Account Access Issues, Customer Support"
"The app keeps getting better with every update! Smooth performance, great UI, and top-notch security. Thank you for making banking so convenient!""",POSITIVE,0.9995062351226807,"User Interface & Experience, Feature Requests, Transaction Performance, Account Access Issues, Customer Support"
this app is the most simply to use and secure safe i love it to use for any bank transaction,POSITIVE,0.9964408278465271,"User Interface & Experience, Feature Requests, Transaction Performance, Account Access Issues, Customer Support"
"After i download the app recently had a smooth expriance, its user friendly, fast, and everything works as expected. keep up the good work.",POSITIVE,0.9997468590736389,"User Interface & Experience, Feature Requests, Transaction Performance, Account Access Issues, Customer Support"
An app with High performance and advanced features!,POSITIVE,0.9995831847190857,"User Interface & Experience, Feature Requests, Transaction Performance, Account Access Issues, Customer Support"
"It is a very user friendly, attractive user interface, full of useful features. I really encourage everyone to give it a try.",POSITIVE,0.9997954964637756,"User Interface & Experience, Feature Requests, Transaction Performance, Account Access Issues, Customer Support"
"Good actually , but it have to WORK when developer option is on üôè",NEGATIVE,0.9746389389038086,"User Interface & Experience, Feature Requests, Transaction Performance, Account Access Issues, Customer Support"
"All-in-one convenience, From managing accounts to paying bills and shopping online and the chat banking is game changer, this app does it all seamlessly.",POSITIVE,0.9981800317764282,"User Interface & Experience, Feature Requests, Transaction Performance, Account Access Issues, Customer Support"
I appreciate that Dashen Bank takes lifestyle services into account.,POSITIVE,0.9980393052101135,"User Interface & Experience, Feature Requests, Transaction Performance, Account Access Issues, Customer Support"
keep it up!,POSITIVE,0.9998477697372437,"User Interface & Experience, Feature Requests, Transaction Performance, Account Access Issues, Customer Support"
amazing app really i loved it .that's why we say dashen bank is one stap ahead. It's the best mobile application that should be on every phone.,POSITIVE,0.9998038411140442,"User Interface & Experience, Feature Requests, Transaction Performance, Account Access Issues, Customer Support"
very comfortable app keep it,POSITIVE,0.999691367149353,"User Interface & Experience, Feature Requests, Transaction Performance, Account Access Issues, Customer Support"
it has clear detail information about the application so it helps customer how to use the app. and it is very easy to use and also app is secure.,POSITIVE,0.999531626701355,"User Interface & Experience, Feature Requests, Transaction Performance, Account Access Issues, Customer Support"
"I have been using the Dashen Supper app mobile banking app , and overall, I appreciate its features.However,I‚Äôve noticed that when I turn on the developer options on my device, the app stops functioning properly. It would be great if you could look into this issue, as I often need to access developer settings for other applications . Thank you for your attention to this matter!",NEGATIVE,0.906873881816864,"User Interface & Experience, Feature Requests, Transaction Performance, Account Access Issues, Customer Support"
easiness to use with fast response time,NEGATIVE,0.964725911617279,"User Interface & Experience, Feature Requests, Transaction Performance, Account Access Issues, Customer Support"
"The new mobile banking application is a major upgrade! It‚Äôs incredibly user-friendly, with a clean and modern design that makes navigation simple and intuitive. I really appreciate how fast it loads and how smooth the overall experience is. All essential services like balance checks, transfers, and bill payments are eas y to find and use. The added security features give me peace of mind, and the app runs reliably without crashes or glitches. It‚Äôs clear a lot of thought went into the user experi",POSITIVE,0.9992745518684387,"User Interface & Experience, Feature Requests, Transaction Performance, Account Access Issues, Customer Support"
"As an Internal Customer, Dashen Bank SuperApp has greatly simplified my online banking experience. It's easy to use, allowing me to quickly check balances, transfer money and pay Bills. The app's advanced security features are highly secure, ensuring my data is well protected. The Three click, Chat Banking and IPS features have also given me a smarter experience. In deed Dashen Bank is always steping ahead!",POSITIVE,0.9990044236183167,"User Interface & Experience, Feature Requests, Transaction Performance, Account Access Issues, Customer Support"
"A truly impressive app ‚Äî user-friendly and a game-changer in Ethiopian banking. The Dashen Super App stands out as one of the most innovative and convenient digital banking solutions in Ethiopia‚Äôs financial history. Smooth navigation, seamless features, and a wide range of services all in one place. Well done!",POSITIVE,0.9998193383216858,"User Interface & Experience, Feature Requests, Transaction Performance, Account Access Issues, Customer Support"
dashen bank super up has very fast and convenience and also it has contain more things on one app .I am very interesting to use dashen bank super up,POSITIVE,0.9974090456962585,"User Interface & Experience, Feature Requests, Transaction Performance, Account Access Issues, Customer Support"
"The Dashen Bank Super App has truly elevated my mobile banking experience. It's fast, user-friendly, and packed with all the essential features. The interface is clean and intuitive, making navigation easy even for first-time users. I also appreciate the added security features that give me peace of mind while banking on the go. Dashen Bank has done an amazing job with this app‚Äîit‚Äôs reliable, efficient, and always improving. Highly recommended for anyone looking for seamless digital banking!",POSITIVE,0.9998351335525513,"User Interface & Experience, Feature Requests, Transaction Performance, Account Access Issues, Customer Support"
A fantastic product!! keep the good work.,POSITIVE,0.9998842477798462,"User Interface & Experience, Feature Requests, Transaction Performance, Account Access Issues, Customer Support"
"I am very impressed with the Dashen super app. It is user-friendly and operates efficiently. The budget and chatbot features are impressive, and all items can be purchased with just three clicks.",POSITIVE,0.9998030066490173,"User Interface & Experience, Feature Requests, Transaction Performance, Account Access Issues, Customer Support"
"The Dashen Super App offers a quick and user-friendly experience, bringing together a variety of services, like budgeting, payments, airtime recharges, and more, all in one convenient platform. Its sleek design and intuitive navigation ensure effortless transactions. It's evident that Dashen Bank has carefully crafted the app to make everyday financial activities easier. A great choice for anyone aiming to streamline their digital routines!",POSITIVE,0.999062716960907,"User Interface & Experience, Feature Requests, Transaction Performance, Account Access Issues, Customer Support"
Dashen supper App is the most useful app for our customers,POSITIVE,0.9988586902618408,"User Interface & Experience, Feature Requests, Transaction Performance, Account Access Issues, Customer Support"
it is the most amazing mobile app,POSITIVE,0.9998717308044434,"User Interface & Experience, Feature Requests, Transaction Performance, Account Access Issues, Customer Support"
A Good and fast supper app thanks for dashen bank,POSITIVE,0.9997884631156921,"User Interface & Experience, Feature Requests, Transaction Performance, Account Access Issues, Customer Support"
"Dear Users of the Dashen Bank Super App,I have been using the Dashen Bank Super App for a while now, and I must say‚Äîit‚Äôs truly a game-changer! The app is incredibly fast and reliable; I‚Äôve never encountered any delays with my transactions. One feature I absolutely love is Chat Banking. It makes everyday tasks like checking my balance or transferring money as simple as sending a quick message. Also, the budgeting tool has been a huge help in tracking my spending and giving me a clearer",POSITIVE,0.9993189573287964,"User Interface & Experience, Feature Requests, Transaction Performance, Account Access Issues, Customer Support"
Too best,POSITIVE,0.8775487542152405,"User Interface & Experience, Feature Requests, Transaction Performance, Account Access Issues, Customer Support"
"Dashen Bank Super Up,use the app and makes your easy,fast,convinent.",POSITIVE,0.9985912442207336,"User Interface & Experience, Feature Requests, Transaction Performance, Account Access Issues, Customer Support"
To join digital world use supper app and make your life easy,POSITIVE,0.9870909452438354,"User Interface & Experience, Feature Requests, Transaction Performance, Account Access Issues, Customer Support"
best mobile banking application,POSITIVE,0.9996380805969238,"User Interface & Experience, Feature Requests, Transaction Performance, Account Access Issues, Customer Support"
"This banking superapp is incredibly well designed. The design and appearance of the app and the overall experience I have when using the app is fantastic. The app is packed with features from banking to e-commerce all in one place.It even has a budget setting option which is super useful for managing my money. Everything runs smoothly and I love how convenient it has made my daily life. Huge Kudos to Dashen Bank. You are truly living up to the motto ''Always one step ahead."" Keep it up!",POSITIVE,0.9998156428337097,"User Interface & Experience, Feature Requests, Transaction Performance, Account Access Issues, Customer Support"
I was really amazed by the idea of an e-commerce service on a banking app. This is what it means to be one step ahead. Please include all kinds of products in there as soon as possible.,POSITIVE,0.9981945157051086,"User Interface & Experience, Feature Requests, Transaction Performance, Account Access Issues, Customer Support"
this is what we expect to get service Dashen Bank always like his slogan,NEGATIVE,0.8835349082946777,"User Interface & Experience, Feature Requests, Transaction Performance, Account Access Issues, Customer Support"
"Dashen SupApp is the most contemporary application, offering a great experience by enabling users to perform multiple tasks through a single platform‚Äîsuch as chatting with friends, transferring money, paying bills, and more. It is the first app of its kind in the Ethiopian banking industry, making it a remarkable opportunity for entrepreneurs working in app-based sales and software marketing. Good job, Dashen Bank!",POSITIVE,0.9997934699058533,"User Interface & Experience, Feature Requests, Transaction Performance, Account Access Issues, Customer Support"
Dashen Super App gives me an amazing convenience and makes life easy.,POSITIVE,0.999823272228241,"User Interface & Experience, Feature Requests, Transaction Performance, Account Access Issues, Customer Support"
excellent mobile banking app,POSITIVE,0.9998179078102112,"User Interface & Experience, Feature Requests, Transaction Performance, Account Access Issues, Customer Support"
Wow! like his name Super App...,POSITIVE,0.9985873699188232,"User Interface & Experience, Feature Requests, Transaction Performance, Account Access Issues, Customer Support"
Dashen supper app is the most special. ·ã≠·àù·âæ·â± ·ã≠·àà·ã´·ã´·àç!!!!,POSITIVE,0.9926958084106445,"User Interface & Experience, Feature Requests, Transaction Performance, Account Access Issues, Customer Support"
convenient and fast,POSITIVE,0.9996170997619629,"User Interface & Experience, Feature Requests, Transaction Performance, Account Access Issues, Customer Support"
Best- in-class app.,POSITIVE,0.999584972858429,"User Interface & Experience, Feature Requests, Transaction Performance, Account Access Issues, Customer Support"
I really like this amazing application and Dashen Supper app that has made my life easier.,POSITIVE,0.9997171759605408,"User Interface & Experience, Feature Requests, Transaction Performance, Account Access Issues, Customer Support"
Superb,POSITIVE,0.9998656511306763,"User Interface & Experience, Feature Requests, Transaction Performance, Account Access Issues, Customer Support"
"amazing features, faster and easy to use",POSITIVE,0.9998817443847656,"User Interface & Experience, Feature Requests, Transaction Performance, Account Access Issues, Customer Support"
"The Dashen Super App offers a modern, user-friendly experience that leverages the latest technological advancements to deliver a seamless e-commerce platform",POSITIVE,0.999481737613678,"User Interface & Experience, Feature Requests, Transaction Performance, Account Access Issues, Customer Support"
Best App!,POSITIVE,0.9997498393058777,"User Interface & Experience, Feature Requests, Transaction Performance, Account Access Issues, Customer Support"
I love it. one of the best mobile banking app in the banking industry,POSITIVE,0.9998683929443359,"User Interface & Experience, Feature Requests, Transaction Performance, Account Access Issues, Customer Support"
I love this app,POSITIVE,0.9998608827590942,"User Interface & Experience, Feature Requests, Transaction Performance, Account Access Issues, Customer Support"
no working for me hulum information asgebiche continue or accept yemilew button ayeseram my phone is Samsung A51,NEGATIVE,0.9980541467666626,"User Interface & Experience, Feature Requests, Transaction Performance, Account Access Issues, Customer Support"
waw no idea the best app.,NEGATIVE,0.9923465251922607,"User Interface & Experience, Feature Requests, Transaction Performance, Account Access Issues, Customer Support"
fast best app,POSITIVE,0.999737560749054,"User Interface & Experience, Feature Requests, Transaction Performance, Account Access Issues, Customer Support"
Nice App,POSITIVE,0.9998061060905457,"User Interface & Experience, Feature Requests, Transaction Performance, Account Access Issues, Customer Support"
nice app ever,POSITIVE,0.9998384714126587,"User Interface & Experience, Feature Requests, Transaction Performance, Account Access Issues, Customer Support"
very disappointing app. Closes frequently and unstable in function,NEGATIVE,0.9997677206993103,"User Interface & Experience, Feature Requests, Transaction Performance, Account Access Issues, Customer Support"
"Feature-rich? Absolutely. But the speed? Painfully slow. Seriously, is it communicating with a server on Mars or something?",NEGATIVE,0.9992289543151855,"User Interface & Experience, Feature Requests, Transaction Performance, Account Access Issues, Customer Support"
nic app,POSITIVE,0.9797858595848083,"User Interface & Experience, Feature Requests, Transaction Performance, Account Access Issues, Customer Support"
Nice,POSITIVE,0.9998552799224854,"User Interface & Experience, Feature Requests, Transaction Performance, Account Access Issues, Customer Support"
"The Dashen Super App delivers a remarkably fast, highly secure, and exceptionally user-friendly experience, establishing it as a leading application in its category.keep it up and stay ahead Dashen Bank.",POSITIVE,0.9997890591621399,"User Interface & Experience, Feature Requests, Transaction Performance, Account Access Issues, Customer Support"
So far so good! their in person customer service is amazing üëè,POSITIVE,0.9998642206192017,"User Interface & Experience, Feature Requests, Transaction Performance, Account Access Issues, Customer Support"
The app is very backward and doesn't always work. If it works three hours out of 24 hours it's great!üò•,NEGATIVE,0.9958034157752991,"User Interface & Experience, Feature Requests, Transaction Performance, Account Access Issues, Customer Support"
·àù·à≠·å´·ã¨ ·äê·ãç,NEGATIVE,0.7850579619407654,"User Interface & Experience, Feature Requests, Transaction Performance, Account Access Issues, Customer Support"
It's bad for the connection and too many days are it that not working,NEGATIVE,0.9996840953826904,"User Interface & Experience, Feature Requests, Transaction Performance, Account Access Issues, Customer Support"
it's samart,POSITIVE,0.9992457628250122,"User Interface & Experience, Feature Requests, Transaction Performance, Account Access Issues, Customer Support"
"The app is not working properly, I have been using it.",NEGATIVE,0.999715268611908,"User Interface & Experience, Feature Requests, Transaction Performance, Account Access Issues, Customer Support"
it is very good app,POSITIVE,0.9998699426651001,"User Interface & Experience, Feature Requests, Transaction Performance, Account Access Issues, Customer Support"
"I had a disappointing experience with Dashen Bank's Super Up service. The app is very slow and takes forever to load during transactions, which is incredibly frustrating. Additionally, it doesn't generate receipts for any transactions, making it difficult to keep track of my expenses. I also reached out to customer support, but the response time was longer than expected. Overall, I was hoping for a better experience, but I find the service lacking and in need of improvement.",NEGATIVE,0.9996039271354675,"User Interface & Experience, Feature Requests, Transaction Performance, Account Access Issues, Customer Support"
slow cumbersome,NEGATIVE,0.9997989535331726,"User Interface & Experience, Feature Requests, Transaction Performance, Account Access Issues, Customer Support"
Is really üíÄ,POSITIVE,0.9858713746070862,"User Interface & Experience, Feature Requests, Transaction Performance, Account Access Issues, Customer Support"
It's slow to send OTP. it's not reliable. It crushed many times. It needs improvement in many ways,NEGATIVE,0.9997294545173645,"User Interface & Experience, Feature Requests, Transaction Performance, Account Access Issues, Customer Support"
"This is the worst mobile banking experience I‚Äôve ever had. It doesn‚Äôt work when you need it, and it randomly updates itself without warning. You can‚Äôt make transactions whenever you want. It‚Äôs a nightmare for anyone who relies on this as their main banking option, especially those with a lot of money in their account. I‚Äôm lucky I‚Äôm not one of them, but still, it‚Äôs infuriating not being able to access your money when you need it.""l",NEGATIVE,0.9996976852416992,"User Interface & Experience, Feature Requests, Transaction Performance, Account Access Issues, Customer Support"
"I have experienced on using the app of Banks in Ethiopia, this Dashen sup is like old version of the applications for using. I gave 3 star for it's very low speed while login and processing",NEGATIVE,0.9981010556221008,"User Interface & Experience, Feature Requests, Transaction Performance, Account Access Issues, Customer Support"
proud by dashen bank,POSITIVE,0.9998666048049927,"User Interface & Experience, Feature Requests, Transaction Performance, Account Access Issues, Customer Support"
best,POSITIVE,0.9997941851615906,"User Interface & Experience, Feature Requests, Transaction Performance, Account Access Issues, Customer Support"
This app is not working unless you turn off developer mode on your phone. So it takes your rights to just use it.,NEGATIVE,0.9994447827339172,"User Interface & Experience, Feature Requests, Transaction Performance, Account Access Issues, Customer Support"
real super up,POSITIVE,0.9998282194137573,"User Interface & Experience, Feature Requests, Transaction Performance, Account Access Issues, Customer Support"
it's very disappointing fix it as soon as possible not expected from dashin bank fix it,NEGATIVE,0.9993618130683899,"User Interface & Experience, Feature Requests, Transaction Performance, Account Access Issues, Customer Support"
why dashen bank workers hidden my ATM Card üèß?it's a big problem to me,NEGATIVE,0.999297022819519,"User Interface & Experience, Feature Requests, Transaction Performance, Account Access Issues, Customer Support"
tanku,NEGATIVE,0.9159650802612305,"User Interface & Experience, Feature Requests, Transaction Performance, Account Access Issues, Customer Support"
perfect,POSITIVE,0.9998517036437988,"User Interface & Experience, Feature Requests, Transaction Performance, Account Access Issues, Customer Support"
goood,NEGATIVE,0.9943867921829224,"User Interface & Experience, Feature Requests, Transaction Performance, Account Access Issues, Customer Support"
why does it ask me for both pin and opt even the opt is touch let alone both,NEGATIVE,0.9958769083023071,"User Interface & Experience, Feature Requests, Transaction Performance, Account Access Issues, Customer Support"
it is best app easy to use,POSITIVE,0.9864111542701721,"User Interface & Experience, Feature Requests, Transaction Performance, Account Access Issues, Customer Support"
It is very easy to use and powerful application.,POSITIVE,0.9997655749320984,"User Interface & Experience, Feature Requests, Transaction Performance, Account Access Issues, Customer Support"
this apps have a good feature but but some features like developer mode turn off irritate user,NEGATIVE,0.997230589389801,"User Interface & Experience, Feature Requests, Transaction Performance, Account Access Issues, Customer Support"
"This is not only a mobile banking app, it is beyond that. We will access our account easily, we are able to get many information easily here. i.e. exchage rate. We are able to chat with others, we are able to budget, we are able to transfer to other bank and within Dashen. we are able to access many accounts in a single app, we are able to pay bills in QR scan, we are able to make payments and order delivery items here in a single app. #Always one step ahead.",POSITIVE,0.9897826910018921,"User Interface & Experience, Feature Requests, Transaction Performance, Account Access Issues, Customer Support"
wallahi very fantastic Bank,POSITIVE,0.999818742275238,"User Interface & Experience, Feature Requests, Transaction Performance, Account Access Issues, Customer Support"
"Waw, It's amazing app. thank you Dashen Bank.",POSITIVE,0.99986732006073,"User Interface & Experience, Feature Requests, Transaction Performance, Account Access Issues, Customer Support"
nice app,POSITIVE,0.9998061060905457,"User Interface & Experience, Feature Requests, Transaction Performance, Account Access Issues, Customer Support"
"I‚Äôve been using the Dashen Bank Super App for a while now, and it‚Äôs been a game-changer. The app is super fast and reliable‚ÄîI‚Äôve never had an issue with transactions being delayed. One of my favorite features is the chat banking, which makes it so easy to do things like check my balance or transfer money just by typing a quick message. The budgeting tool is also really useful. It helps me keep track of my spending and gives me a clear picture of where",POSITIVE,0.9992021918296814,"User Interface & Experience, Feature Requests, Transaction Performance, Account Access Issues, Customer Support"
nice application,POSITIVE,0.9998229146003723,"User Interface & Experience, Feature Requests, Transaction Performance, Account Access Issues, Customer Support"
Very good app that like it too. B/c it is very fast and easy to use.,POSITIVE,0.9998027682304382,"User Interface & Experience, Feature Requests, Transaction Performance, Account Access Issues, Customer Support"
best experiences,POSITIVE,0.9992781281471252,"User Interface & Experience, Feature Requests, Transaction Performance, Account Access Issues, Customer Support"
too slow to use.,NEGATIVE,0.9997276663780212,"User Interface & Experience, Feature Requests, Transaction Performance, Account Access Issues, Customer Support"
·å•·à© ·äê·ãç,NEGATIVE,0.7850579619407654,"User Interface & Experience, Feature Requests, Transaction Performance, Account Access Issues, Customer Support"
the worst app in the market only good ui,NEGATIVE,0.9997721314430237,"User Interface & Experience, Feature Requests, Transaction Performance, Account Access Issues, Customer Support"
nic,POSITIVE,0.9977141618728638,"User Interface & Experience, Feature Requests, Transaction Performance, Account Access Issues, Customer Support"
·â†·å£·àù ·âÖ·àç·àç ·ã´·àà ·ä†·çï ·â†·à≠·â±·àç·äï ·àà·ä†·å†·âÉ·âÄ·àù ·àù·âπ,NEGATIVE,0.920040488243103,"User Interface & Experience, Feature Requests, Transaction Performance, Account Access Issues, Customer Support"
thanks for all digital transaction,POSITIVE,0.9994550347328186,"User Interface & Experience, Feature Requests, Transaction Performance, Account Access Issues, Customer Support"
Best,POSITIVE,0.9997941851615906,"User Interface & Experience, Feature Requests, Transaction Performance, Account Access Issues, Customer Support"
Good,POSITIVE,0.9998161196708679,"User Interface & Experience, Feature Requests, Transaction Performance, Account Access Issues, Customer Support"
"This app is not supporting smart phones that have old android version and so it is none inclusive. At the same time the amole lite is not working properly and once you reached to maximum otp trail mistakes due to network or other errors like stacks , you will be tied up to make Transactions. Ohh... tired!!!!!",NEGATIVE,0.9997400641441345,"User Interface & Experience, Feature Requests, Transaction Performance, Account Access Issues, Customer Support"
it's Be Come Busy &not working good,NEGATIVE,0.9993822574615479,"User Interface & Experience, Feature Requests, Transaction Performance, Account Access Issues, Customer Support"
I wanted to share some concerns about your Supper App. It appears to be experiencing reliability issues and isn‚Äôt performing as expected. I hope this can be addressed soon to improve the user experience. One star üåü for now.,NEGATIVE,0.9980534315109253,"User Interface & Experience, Feature Requests, Transaction Performance, Account Access Issues, Customer Support"
"best ever digital banking sector essay for understanding ,smart and convince for using",POSITIVE,0.9997392296791077,"User Interface & Experience, Feature Requests, Transaction Performance, Account Access Issues, Customer Support"
good and latest,POSITIVE,0.9998561143875122,"User Interface & Experience, Feature Requests, Transaction Performance, Account Access Issues, Customer Support"
The best App of all,POSITIVE,0.9998633861541748,"User Interface & Experience, Feature Requests, Transaction Performance, Account Access Issues, Customer Support"
Worst app ever,NEGATIVE,0.9997803568840027,"User Interface & Experience, Feature Requests, Transaction Performance, Account Access Issues, Customer Support"
"This app is the most unreliable mobile banking application I have ever used for transaction, it is very late, non-responsive and full of bugs. Its is very disappointing. It is just inconvinient, and not user friendly and compatabke at all !!!!!!",NEGATIVE,0.9997894167900085,"User Interface & Experience, Feature Requests, Transaction Performance, Account Access Issues, Customer Support"
Naiycapp,POSITIVE,0.8075160384178162,"User Interface & Experience, Feature Requests, Transaction Performance, Account Access Issues, Customer Support"
The app is good but it has no USSD option,NEGATIVE,0.9952346682548523,"User Interface & Experience, Feature Requests, Transaction Performance, Account Access Issues, Customer Support"
Hey great,POSITIVE,0.999745786190033,"User Interface & Experience, Feature Requests, Transaction Performance, Account Access Issues, Customer Support"
I have used many mobile banking and also tellebir and mpesa nothing come close to this app. Well done Dashen indeed one step a head. A lot of cool features that amole hasn't the receipt and the account statement is superb for me. I hope you add more integrated small apps to.,POSITIVE,0.9984980821609497,"User Interface & Experience, Feature Requests, Transaction Performance, Account Access Issues, Customer Support"
The app is good but it ask update every week so tiring,NEGATIVE,0.9951795339584351,"User Interface & Experience, Feature Requests, Transaction Performance, Account Access Issues, Customer Support"
It good and easy to use,POSITIVE,0.9998750686645508,"User Interface & Experience, Feature Requests, Transaction Performance, Account Access Issues, Customer Support"
·â†·å£·àù ·ä†·à™·çç ·àò·â∞·åç·â†·à™·ã´ ·äê·ãç ·ç¢ ·ä†·àò·à†·åç·äì·àà·àÅ ·ç¢,NEGATIVE,0.920040488243103,"User Interface & Experience, Feature Requests, Transaction Performance, Account Access Issues, Customer Support"
"Greately improved since it was released! I really like the budget and expense tegistration feature. For ATM or POS withdrawals, it is not possible to account these expenses, even if it is visible on the transactions window. If that can be worked on, it will be improve so much!!",POSITIVE,0.9655698537826538,"User Interface & Experience, Feature Requests, Transaction Performance, Account Access Issues, Customer Support"
Excellent,POSITIVE,0.9998434782028198,"User Interface & Experience, Feature Requests, Transaction Performance, Account Access Issues, Customer Support"
Wow Excellent app,POSITIVE,0.9998443126678467,"User Interface & Experience, Feature Requests, Transaction Performance, Account Access Issues, Customer Support"
Nice app but i experience some issues with others banks transfer it keeps saying account is not exist most of the time.,NEGATIVE,0.9983522891998291,"User Interface & Experience, Feature Requests, Transaction Performance, Account Access Issues, Customer Support"
Add the option to send money to any telebirr account like amole does.,NEGATIVE,0.995681881904602,"User Interface & Experience, Feature Requests, Transaction Performance, Account Access Issues, Customer Support"
It's best,POSITIVE,0.999842643737793,"User Interface & Experience, Feature Requests, Transaction Performance, Account Access Issues, Customer Support"
no one dashen yichlal,NEGATIVE,0.9842472076416016,"User Interface & Experience, Feature Requests, Transaction Performance, Account Access Issues, Customer Support"
In short ! I'm so proud of this app developers for their highest professional of developing. Thanks,POSITIVE,0.9998522996902466,"User Interface & Experience, Feature Requests, Transaction Performance, Account Access Issues, Customer Support"
The speed is too slow. Need some improvements.,NEGATIVE,0.9997935891151428,"User Interface & Experience, Feature Requests, Transaction Performance, Account Access Issues, Customer Support"
good app,POSITIVE,0.9998493194580078,"User Interface & Experience, Feature Requests, Transaction Performance, Account Access Issues, Customer Support"
Fantastic app,POSITIVE,0.9998588562011719,"User Interface & Experience, Feature Requests, Transaction Performance, Account Access Issues, Customer Support"
I wish dark mode feature is add as an option but it's good app,POSITIVE,0.9998013377189636,"User Interface & Experience, Feature Requests, Transaction Performance, Account Access Issues, Customer Support"
"Super Up is the ultimate digital banking app, living up to its name with speed, efficiency, and innovation. Designed for a seamless experience, it offers lightning-fast transactions, top-tier security, and effortless financial management. With Super Up, banking has never been this smooth, smart, and super!",POSITIVE,0.9995073080062866,"User Interface & Experience, Feature Requests, Transaction Performance, Account Access Issues, Customer Support"
"The Dashen Super App is a game-changer in digital banking, offering a seamless and convenient experience. With its user-friendly interface, fast transactions, and a wide range of financial services, it simplifies banking for customers. Features like bill payments, fund transfers, mobile top-ups, and loan applications make it an all-in-one solution. Plus, its security measures ensure safe and reliable Experiance effortless banking",POSITIVE,0.9977291226387024,"User Interface & Experience, Feature Requests, Transaction Performance, Account Access Issues, Customer Support"
·ä®·å∞·äê·å®·ã®·å†,NEGATIVE,0.6970561146736145,"User Interface & Experience, Feature Requests, Transaction Performance, Account Access Issues, Customer Support"
"It has good feature. But, it is Very Slow! difficult to pay or receive. The Speed should be improved, else I didn't recommend.",NEGATIVE,0.9960646033287048,"User Interface & Experience, Feature Requests, Transaction Performance, Account Access Issues, Customer Support"
Excellent app,POSITIVE,0.9998356103897095,"User Interface & Experience, Feature Requests, Transaction Performance, Account Access Issues, Customer Support"
·ä†·çï·àç·ä¨·àΩ·äë ·ä†·à™·çç ·àÜ·äñ ·à≥·àà ·â¥·àå·â•·à≠ ·ãà·ã∞·à´·àµ ·â•·âª ·àà·àù·äï ·àÜ·äê ·ä•·äï·ã∞ ·ãµ·àÆ·ãç ·àà·à∞·ãç·àù ·àò·àã·ä≠ ·â¢·âª·àç,NEGATIVE,0.9528431296348572,"User Interface & Experience, Feature Requests, Transaction Performance, Account Access Issues, Customer Support"
No good,NEGATIVE,0.9996987581253052,"User Interface & Experience, Feature Requests, Transaction Performance, Account Access Issues, Customer Support"
Wow amazing app,POSITIVE,0.9998513460159302,"User Interface & Experience, Feature Requests, Transaction Performance, Account Access Issues, Customer Support"
best platform... Please avoid otp,POSITIVE,0.9228954911231995,"User Interface & Experience, Feature Requests, Transaction Performance, Account Access Issues, Customer Support"
Super smart app.,POSITIVE,0.9997984766960144,"User Interface & Experience, Feature Requests, Transaction Performance, Account Access Issues, Customer Support"
best üëçüëç,POSITIVE,0.9997019171714783,"User Interface & Experience, Feature Requests, Transaction Performance, Account Access Issues, Customer Support"
I don't know what happens but the application is not send verification pass code you should fix that,NEGATIVE,0.9973721504211426,"User Interface & Experience, Feature Requests, Transaction Performance, Account Access Issues, Customer Support"
This app doesn't work on my phone my phone is Samsung Galaxy s7 android version 9 All other financial apps work like telebirr CBE M_pesa...,NEGATIVE,0.9974337220191956,"User Interface & Experience, Feature Requests, Transaction Performance, Account Access Issues, Customer Support"
"Dashen Super app is secure, very easy to use and has more services uniquely like budgeting, chat, IPS...",POSITIVE,0.9937819838523865,"User Interface & Experience, Feature Requests, Transaction Performance, Account Access Issues, Customer Support"
Amazing and user friendly supper app and looking forward the additional features,POSITIVE,0.9998486042022705,"User Interface & Experience, Feature Requests, Transaction Performance, Account Access Issues, Customer Support"
it's amazing app i have seen ever,POSITIVE,0.9998574256896973,"User Interface & Experience, Feature Requests, Transaction Performance, Account Access Issues, Customer Support"
One star deducted for not to able to transfer to telebirr.,NEGATIVE,0.9903808236122131,"User Interface & Experience, Feature Requests, Transaction Performance, Account Access Issues, Customer Support"
·å•·à© ·äê·ãç ·åç·äï ·â†·ã∞·äï·â• ·àä·à∏·àª·àç ·ã≠·åà·â£·àç,NEGATIVE,0.9046947360038757,"User Interface & Experience, Feature Requests, Transaction Performance, Account Access Issues, Customer Support"
·çç·å•·äê·â± ·â†·å£·àù ·ä†·à™·çç ·äê·ãç! ·ä•·äì ·âÄ·àà·àç ·ã´·àà ·äê·ãç ! ·äê·åà·à≠ ·åç·äï ·â∞·å®·àõ·à™ ·ãà·ã∞ ·â¥·àå·â•·à≠ ·ä§·åÄ·äï·âµ ·àò·àã·ä™·ã´ ·ä†·çï ·â¢·ä´·â∞·âµ·â†·âµ ·å•·à© ·äê·ãç::,NEGATIVE,0.9328101873397827,"User Interface & Experience, Feature Requests, Transaction Performance, Account Access Issues, Customer Support"
Keep up the good work and pleas add water and electric utility payment,POSITIVE,0.9986761212348938,"User Interface & Experience, Feature Requests, Transaction Performance, Account Access Issues, Customer Support"
The app missed some important features 1. It does't show recent transactions 2. Transfer to Telebirr limited to own telebirr 3. The statement does't show running balance,NEGATIVE,0.9995891451835632,"User Interface & Experience, Feature Requests, Transaction Performance, Account Access Issues, Customer Support"
"Simple, Fast and Easy ‚≠ê‚≠ê‚≠êüéâ",POSITIVE,0.9996811151504517,"User Interface & Experience, Feature Requests, Transaction Performance, Account Access Issues, Customer Support"
"·ã®·àö·åà·à≠·àù aplication ·äê·ãç, ·äê·åà·à≠ ·åç·äï ·â•·à≠ ·âµ·à´·äï·àµ·çà·à≠ ·à≤·ã∞·à®·åç ·ã´·àà ·çí·äï ·àò·àÜ·äë risk ·ä†·àà·ãç ·àÅ·àâ ·åä·ãú ·ã® ·âµ·à´·äï·àµ·çà·à≠ ·àò·ã∞·àù·ã∞·àö·ã´ ·çí·äï ·àò·àÜ·äï ·ä†·àà·â†·âµ!!!!!!!!!!!!:: ·ä†·à± ·â¢·àµ·â∞·ä´·ä®·àç 5 star ·ä†·àµ·ä®·ãõ·ãç ·åç·äï 4 ·à∞·å•·âª·àà·ãç::",NEGATIVE,0.8565710783004761,"User Interface & Experience, Feature Requests, Transaction Performance, Account Access Issues, Customer Support"
Baankii daashin baankii hudna galeessa galatoomaa isinii woliin jirra Godina jimmaa magaalaa Aggaaroo irraa Muaz Abamecha Abamilki,NEGATIVE,0.9961472749710083,"User Interface & Experience, Feature Requests, Transaction Performance, Account Access Issues, Customer Support"
It doesn't work,NEGATIVE,0.9997813105583191,"User Interface & Experience, Feature Requests, Transaction Performance, Account Access Issues, Customer Support"
"#Dashen Super App; Super easy to use, secure, and fast transaction. Love it!",POSITIVE,0.9998102784156799,"User Interface & Experience, Feature Requests, Transaction Performance, Account Access Issues, Customer Support"
"I tried the new Dash Bank Super App today, and it's amazingly easy and fun.I recommend you download and use it. You really like it",POSITIVE,0.9998507499694824,"User Interface & Experience, Feature Requests, Transaction Performance, Account Access Issues, Customer Support"
Gud app kegza ga mezmn endze new aind ermjh kedme nachu hlam,NEGATIVE,0.985221803188324,"User Interface & Experience, Feature Requests, Transaction Performance, Account Access Issues, Customer Support"
"Good app, bad security",POSITIVE,0.989300549030304,"User Interface & Experience, Feature Requests, Transaction Performance, Account Access Issues, Customer Support"
On Transaction page only show sent Transaction. Try to include received transaction.,NEGATIVE,0.9956958293914795,"User Interface & Experience, Feature Requests, Transaction Performance, Account Access Issues, Customer Support"
Wonderful Application üòç,POSITIVE,0.9998589754104614,"User Interface & Experience, Feature Requests, Transaction Performance, Account Access Issues, Customer Support"
I loved it,POSITIVE,0.9998809099197388,"User Interface & Experience, Feature Requests, Transaction Performance, Account Access Issues, Customer Support"
·ä†·àÅ·äï ·åà·äì ·ä†·äï·ãµ ·ä•·à≠·àù·åÉ ·âÄ·ã∞·àõ·âΩ·ãç,NEGATIVE,0.8832125663757324,"User Interface & Experience, Feature Requests, Transaction Performance, Account Access Issues, Customer Support"
I am so thankful for having this best app Dashen one step ahead,POSITIVE,0.999471127986908,"User Interface & Experience, Feature Requests, Transaction Performance, Account Access Issues, Customer Support"
Not good this app,NEGATIVE,0.9997790455818176,"User Interface & Experience, Feature Requests, Transaction Performance, Account Access Issues, Customer Support"
Best app,POSITIVE,0.999686598777771,"User Interface & Experience, Feature Requests, Transaction Performance, Account Access Issues, Customer Support"
Excellent app ever but it needs improvement on speed and transaction lists,NEGATIVE,0.990936815738678,"User Interface & Experience, Feature Requests, Transaction Performance, Account Access Issues, Customer Support"
Perfect,POSITIVE,0.9998517036437988,"User Interface & Experience, Feature Requests, Transaction Performance, Account Access Issues, Customer Support"
"It does not work functional ,",NEGATIVE,0.9997901320457458,"User Interface & Experience, Feature Requests, Transaction Performance, Account Access Issues, Customer Support"
Ok,POSITIVE,0.9997851252555847,"User Interface & Experience, Feature Requests, Transaction Performance, Account Access Issues, Customer Support"
all of dashen bank customers use the application it is good to use,POSITIVE,0.9958037734031677,"User Interface & Experience, Feature Requests, Transaction Performance, Account Access Issues, Customer Support"
Gret experience,NEGATIVE,0.7600295543670654,"User Interface & Experience, Feature Requests, Transaction Performance, Account Access Issues, Customer Support"
All good we need more,POSITIVE,0.9996538162231445,"User Interface & Experience, Feature Requests, Transaction Performance, Account Access Issues, Customer Support"
"Dashen super app is easy to use, fast and robust",POSITIVE,0.9997517466545105,"User Interface & Experience, Feature Requests, Transaction Performance, Account Access Issues, Customer Support"
it was amazing app.....thank you dashen bank....,POSITIVE,0.9998608827590942,"User Interface & Experience, Feature Requests, Transaction Performance, Account Access Issues, Customer Support"
Dashen bank super app for easy life.,POSITIVE,0.772305965423584,"User Interface & Experience, Feature Requests, Transaction Performance, Account Access Issues, Customer Support"
Excellent UI/UX and beyond Banking servicesüëçüëç,POSITIVE,0.9995208978652954,"User Interface & Experience, Feature Requests, Transaction Performance, Account Access Issues, Customer Support"
Send to oher bank ·ã®·àö·àà·ãâ ·ãâ·àµ·å• ·åà·â•·â∞·äï ·ãà·ã∞ addisinternational bank ·àà·àò·àã·ä≠ ·ä†·ã≠·à∞·à´·àù ·àÅ·àà·â∞·äõ ·ã∞·åç·àû ·ãà·ã∞ cbe birr ·àà·àò·àã·ä≠ account number ·ã≠·å†·ã≠·âÉ·àç ·àû·â£·ã≠·àç ·äê·â†·à≠ ·äê·ãâ ·àò·å†·ã®·âÖ ·ã´·àà·â†·âµ ·ã≠·àò·àµ·àà·äõ·àç,NEGATIVE,0.9945861101150513,"User Interface & Experience, Feature Requests, Transaction Performance, Account Access Issues, Customer Support"
Just Wow,POSITIVE,0.999775230884552,"User Interface & Experience, Feature Requests, Transaction Performance, Account Access Issues, Customer Support"
mobile banking to the next level,POSITIVE,0.9409880042076111,"User Interface & Experience, Feature Requests, Transaction Performance, Account Access Issues, Customer Support"
The first 3 star review is me,POSITIVE,0.9967767596244812,"User Interface & Experience, Feature Requests, Transaction Performance, Account Access Issues, Customer Support"
Is not working,NEGATIVE,0.9997809529304504,"User Interface & Experience, Feature Requests, Transaction Performance, Account Access Issues, Customer Support"
"Fast, reliable and user friendly. Amazing chatting features. Keep it up! Always one step ahead!",POSITIVE,0.9998725652694702,"User Interface & Experience, Feature Requests, Transaction Performance, Account Access Issues, Customer Support"
V good ‚ùóÔ∏è,POSITIVE,0.9993855953216553,"User Interface & Experience, Feature Requests, Transaction Performance, Account Access Issues, Customer Support"
"This app is literally the best thing ever The chat banking is so easy just text and it‚Äôs done Super smooth, fast, and honestly a life saverIf you haven‚Äôt downloaded it yet you‚Äôre missing out big time",POSITIVE,0.9862456321716309,"User Interface & Experience, Feature Requests, Transaction Performance, Account Access Issues, Customer Support"
I only see white page,NEGATIVE,0.9910238981246948,"User Interface & Experience, Feature Requests, Transaction Performance, Account Access Issues, Customer Support"
Excellent banking app for all your needs! Who needs a physical branch when you can use Dashen Bank Super App Instead! I've never had an issue with anything that Dashen Bank Super App haven't handled swiftly and resolved to my satisfaction and above I don't often write reviews but this is an app/bank that I would highly recommended to everyone üíØ üëåüëç,POSITIVE,0.9994206428527832,"User Interface & Experience, Feature Requests, Transaction Performance, Account Access Issues, Customer Support"
Amizing Application üòç,NEGATIVE,0.9905143976211548,"User Interface & Experience, Feature Requests, Transaction Performance, Account Access Issues, Customer Support"
Fastest and easy to use,POSITIVE,0.9997114539146423,"User Interface & Experience, Feature Requests, Transaction Performance, Account Access Issues, Customer Support"
·àµ·àù ·â•·âª üòè,NEGATIVE,0.8337247967720032,"User Interface & Experience, Feature Requests, Transaction Performance, Account Access Issues, Customer Support"
Exellent app with exellent banking system and exellent bank ever,NEGATIVE,0.9579959511756897,"User Interface & Experience, Feature Requests, Transaction Performance, Account Access Issues, Customer Support"
Amazing app to use as usual! But why option of transferring to Telebirr and M pesa which was available on Amole app is omitted?? Dasheen is my favourite keep it up.,POSITIVE,0.9711759686470032,"User Interface & Experience, Feature Requests, Transaction Performance, Account Access Issues, Customer Support"
Needs some improvement,NEGATIVE,0.998008668422699,"User Interface & Experience, Feature Requests, Transaction Performance, Account Access Issues, Customer Support"
Amazing,POSITIVE,0.999875545501709,"User Interface & Experience, Feature Requests, Transaction Performance, Account Access Issues, Customer Support"
Amazing super app,POSITIVE,0.9998658895492554,"User Interface & Experience, Feature Requests, Transaction Performance, Account Access Issues, Customer Support"
I hope it will be better than amole,POSITIVE,0.9969701766967773,"User Interface & Experience, Feature Requests, Transaction Performance, Account Access Issues, Customer Support"
Wly Super App ilove it ‚ù§Ô∏è üòç üíñ üíï,NEGATIVE,0.9463616013526917,"User Interface & Experience, Feature Requests, Transaction Performance, Account Access Issues, Customer Support"
Dashen yichalal. Ewnetem one step a head,NEGATIVE,0.9832626581192017,"User Interface & Experience, Feature Requests, Transaction Performance, Account Access Issues, Customer Support"
It has a Good performance but need more upgrade for more performance like when we login account not be fast balance show other thing looking good. Carry on. Thanks so much for Greatest service,POSITIVE,0.9967933297157288,"User Interface & Experience, Feature Requests, Transaction Performance, Account Access Issues, Customer Support"
"It is a very wonderful work that has saved its time. That is why it is ""Always one step ahead!""",POSITIVE,0.9998805522918701,"User Interface & Experience, Feature Requests, Transaction Performance, Account Access Issues, Customer Support"
‚ÄúLife-changing!‚Äù I can‚Äôt imagine going back to traditional banking after using this app. It‚Äôs so convenient.,POSITIVE,0.9968047142028809,"User Interface & Experience, Feature Requests, Transaction Performance, Account Access Issues, Customer Support"
Pro max,POSITIVE,0.9984601736068726,"User Interface & Experience, Feature Requests, Transaction Performance, Account Access Issues, Customer Support"
The most good app and easy,POSITIVE,0.9998631477355957,"User Interface & Experience, Feature Requests, Transaction Performance, Account Access Issues, Customer Support"
"Excellent and user friendly App. Excellence is what makes you always one step ahead. Dashen Bank, Always One Step Ahead !!",POSITIVE,0.9998682737350464,"User Interface & Experience, Feature Requests, Transaction Performance, Account Access Issues, Customer Support"
Proud to be dashen family . Shout out to the serial entrepreneur üëè,POSITIVE,0.9998549222946167,"User Interface & Experience, Feature Requests, Transaction Performance, Account Access Issues, Customer Support"
First ATM in East africa ‚≠êÔ∏è‚≠êÔ∏è‚≠êÔ∏è‚≠êÔ∏è‚≠êÔ∏è,POSITIVE,0.9874703288078308,"User Interface & Experience, Feature Requests, Transaction Performance, Account Access Issues, Customer Support"
Best app.,POSITIVE,0.999774158000946,"User Interface & Experience, Feature Requests, Transaction Performance, Account Access Issues, Customer Support"
Better Move to catch the competition upüëç,POSITIVE,0.9914565682411194,"User Interface & Experience, Feature Requests, Transaction Performance, Account Access Issues, Customer Support"
"Great job my home, my bank.",POSITIVE,0.9998712539672852,"User Interface & Experience, Feature Requests, Transaction Performance, Account Access Issues, Customer Support"
Always one step ahead! What a masterpiece.,POSITIVE,0.9998708963394165,"User Interface & Experience, Feature Requests, Transaction Performance, Account Access Issues, Customer Support"
Great App Well done Dashen Bank,POSITIVE,0.9997735619544983,"User Interface & Experience, Feature Requests, Transaction Performance, Account Access Issues, Customer Support"
Great!,POSITIVE,0.9998692274093628,"User Interface & Experience, Feature Requests, Transaction Performance, Account Access Issues, Customer Support"
"I love it but it has bugs during confirmation of password! So, please make it functional",POSITIVE,0.9805049300193787,"User Interface & Experience, Feature Requests, Transaction Performance, Account Access Issues, Customer Support"
Always one step forward,POSITIVE,0.999639630317688,"User Interface & Experience, Feature Requests, Transaction Performance, Account Access Issues, Customer Support"
"It's great! But it will be advanced if you include a caption that allow customers to transfer to Telebirr account. Dashen Bank, ""·ä©·àâ ·åç·ãú·ç° ·àì·ã∞ ·àµ·åï·àö ·âÄ·ã≥·àö·ç¢"" (Always one step ahead!)",POSITIVE,0.9995723366737366,"User Interface & Experience, Feature Requests, Transaction Performance, Account Access Issues, Customer Support"
Small size with vast features and functionalities.,POSITIVE,0.9981461763381958,"User Interface & Experience, Feature Requests, Transaction Performance, Account Access Issues, Customer Support"
Amazing app üëè üëå Dashen bank one step a head,POSITIVE,0.9995114803314209,"User Interface & Experience, Feature Requests, Transaction Performance, Account Access Issues, Customer Support"
"It has a great application features from the beginning. I'm glad to use it even I haven't used it yet because I haven't activated my account yet. But it's simple, comprehensive, full of information, and fast. ·â†·à≠·â± ·ã≥·à∏·äñ·âΩ: The super app has impressed me more than I expected.",POSITIVE,0.999612033367157,"User Interface & Experience, Feature Requests, Transaction Performance, Account Access Issues, Customer Support"
Dashen Bank Always One Step Ahead!,POSITIVE,0.9996882677078247,"User Interface & Experience, Feature Requests, Transaction Performance, Account Access Issues, Customer Support"
U can't create account,NEGATIVE,0.9984429478645325,"User Interface & Experience, Feature Requests, Transaction Performance, Account Access Issues, Customer Support"
Really super app... so seamless and with a nice user interface .. we are proud of you dashen bank ...,POSITIVE,0.9998613595962524,"User Interface & Experience, Feature Requests, Transaction Performance, Account Access Issues, Customer Support"
We will see it,POSITIVE,0.9998630285263062,"User Interface & Experience, Feature Requests, Transaction Performance, Account Access Issues, Customer Support"
Always one step a head!,POSITIVE,0.9981322884559631,"User Interface & Experience, Feature Requests, Transaction Performance, Account Access Issues, Customer Support"
"A lightweight,catchy and smooth app",POSITIVE,0.9987092018127441,"User Interface & Experience, Feature Requests, Transaction Performance, Account Access Issues, Customer Support"
Very impressive interface with best security feature and user friendly app.,POSITIVE,0.9997988343238831,"User Interface & Experience, Feature Requests, Transaction Performance, Account Access Issues, Customer Support"
It is so far so good it has a unique features than telebirr good job Dashen,POSITIVE,0.9998282194137573,"User Interface & Experience, Feature Requests, Transaction Performance, Account Access Issues, Customer Support"
"Yea , it's a good idea to make it with the bank name, it will help for the bank easily to find the application, and customers can easily downloed and use the product. I wish all the best for Dashen bank initiative.",POSITIVE,0.7550305128097534,"User Interface & Experience, Feature Requests, Transaction Performance, Account Access Issues, Customer Support"
This is My Bank!,POSITIVE,0.9968095421791077,"User Interface & Experience, Feature Requests, Transaction Performance, Account Access Issues, Customer Support"
"Truly, db => AlwaysOneStepAhead !!",NEGATIVE,0.9989049434661865,"User Interface & Experience, Feature Requests, Transaction Performance, Account Access Issues, Customer Support"
ALWAYS ONE STEP AHEAD,POSITIVE,0.9997699856758118,"User Interface & Experience, Feature Requests, Transaction Performance, Account Access Issues, Customer Support"
Well developed,POSITIVE,0.9998576641082764,"User Interface & Experience, Feature Requests, Transaction Performance, Account Access Issues, Customer Support"
oh nice!!! i wish it's very nice app,POSITIVE,0.9996349811553955,"User Interface & Experience, Feature Requests, Transaction Performance, Account Access Issues, Customer Support"
Really the app looks like amazing. I can't wait to activate in the morning.,POSITIVE,0.9997010827064514,"User Interface & Experience, Feature Requests, Transaction Performance, Account Access Issues, Customer Support"
Applause üëè Dashen Bank. One of the best super app inorder to pay easily and securely. One step a head.,POSITIVE,0.9996860027313232,"User Interface & Experience, Feature Requests, Transaction Performance, Account Access Issues, Customer Support"
Wow Dashen Super App üöÄüöÄ,POSITIVE,0.9978638291358948,"User Interface & Experience, Feature Requests, Transaction Performance, Account Access Issues, Customer Support"
All in One,POSITIVE,0.9988051652908325,"User Interface & Experience, Feature Requests, Transaction Performance, Account Access Issues, Customer Support"
The best Banking app I have ever seen,POSITIVE,0.9997634291648865,"User Interface & Experience, Feature Requests, Transaction Performance, Account Access Issues, Customer Support"
It looks good and simple to use,POSITIVE,0.9998189806938171,"User Interface & Experience, Feature Requests, Transaction Performance, Account Access Issues, Customer Support"
App That makes Difference!,POSITIVE,0.9998338222503662,"User Interface & Experience, Feature Requests, Transaction Performance, Account Access Issues, Customer Support"
Faster and userfriendly,POSITIVE,0.9199284911155701,"User Interface & Experience, Feature Requests, Transaction Performance, Account Access Issues, Customer Support"
"Waw Great and innovated,user friendly, always one step ahead",POSITIVE,0.999778687953949,"User Interface & Experience, Feature Requests, Transaction Performance, Account Access Issues, Customer Support"
It's Best waww üôè,POSITIVE,0.9997444748878479,"User Interface & Experience, Feature Requests, Transaction Performance, Account Access Issues, Customer Support"
Always one step ahead,POSITIVE,0.9997699856758118,"User Interface & Experience, Feature Requests, Transaction Performance, Account Access Issues, Customer Support"
"Like Me, I Hope It Works Better Than Before.",POSITIVE,0.99872225522995,"User Interface & Experience, Feature Requests, Transaction Performance, Account Access Issues, Customer Support"
